sample	factor
treatment_rep1	0.9792204203797099
treatment_rep2	0.8858553786954169
treatment_rep3	1.0448870451437131
control_rep1	1.06191979093722
control_rep2	1.1182439926448555
control_rep3	0.9546120315976252

